"Post ID",Title,URLs,Categories
31,,,
32,,,
33,,,
34,,,
35,,,
36,,,
37,,,
38,,,
39,,,
40,,,
41,,,
42,,,
43,,,
44,,,
45,,,
46,,,
47,,,
48,,,
49,,,
50,,,
51,,,
52,,,
53,,,
54,,,
55,,,
56,,,
57,,,
58,,,
59,,,
60,,,
61,,,
62,,,
63,,,
64,,,
65,,,
66,,,
67,,,
68,,,
69,,,
70,,,
71,,,
72,,,
73,,,
74,,,
75,,,
76,,,
77,,,
78,,,
79,,,
80,,,
81,,,
82,,,
83,,,
84,,,
85,,,
86,,,
87,,,
88,,,
372,,,
16,,,
17,,,
13,,,
23,,,
22,,,
25,,,
24,,,
27,,,
11,,,
6,,,
14,,,
8,,,
9,,,
7,,,
10,,,
20,,,
21,,,
28,,,
26,,,
19,,,
18,,,
30,,,
29,,,
12,,,
15,,,
1,,,
